{
  "p01__server-app.py": "server/src/control_hub/app.py",
  "p01__server-base.html": "server/src/control_hub/templates/base.html",
  "p01__server-static-main.css": "server/src/control_hub/static/styles.css",
  "p02__server-db.py": "server/src/control_hub/db.py",
  "p02__server-models.py": "server/src/control_hub/models.py",
  "p02__server-schemas.py": "server/src/control_hub/schemas.py",
  "p03__server-services-leads.py": "server/src/control_hub/services/leads.py",
  "p03__server-services-buyers.py": "server/src/control_hub/services/buyers.py",
  "p03__server-routes-leads.py": "server/src/control_hub/routes/leads.py",
  "p03__server-routes-buyers.py": "server/src/control_hub/routes/buyers.py",
  "p04__server-templates-ingest-form.html": "server/src/control_hub/templates/ingest_form.html",
  "p04__server-routes-ingest.py": "server/src/control_hub/routes/ingest.py",
  "p05__server-routes-metrics.py": "server/src/control_hub/routes/metrics.py",
  "p05__server-templates-dashboard.html": "server/src/control_hub/templates/dashboard.html"
}