{
  "p01__server-app.py": "server/src/control_hub/app.py",
  "p01__server-base.html": "server/src/control_hub/templates/base.html",
  "p01__server-static-main.css": "server/src/control_hub/static/styles.css",
  "p02__server-db.py": "server/src/control_hub/db.py",
  "p02__server-models.py": "server/src/control_hub/models.py",
  "p02__server-schemas.py": "server/src/control_hub/schemas.py",
  "p03__server-services-leads.py": "server/src/control_hub/services/leads.py",
  "p03__server-services-buyers.py": "server/src/control_hub/services/buyers.py",
  "p03__server-routes-leads.py": "server/src/control_hub/routes/leads.py",
  "p03__server-routes-buyers.py": "server/src/control_hub/routes/buyers.py",
  "p04__server-templates-ingest-form.html": "server/src/control_hub/templates/ingest_form.html",
  "p04__server-routes-ingest.py": "server/src/control_hub/routes/ingest.py",
  "p05__server-routes-metrics.py": "server/src/control_hub/routes/metrics.py",
  "p05__server-templates-dashboard.html": "server/src/control_hub/templates/dashboard.html",
  "p06__server-services-sites.py": "server/src/control_hub/services/sites.py",
  "p06__server-models-deployments.py": "server/src/control_hub/models.py",
  "p06__server-routes-sites.py": "server/src/control_hub/routes/sites.py",
  "p06__server-templates-sites.html": "server/src/control_hub/templates/sites.html",
  "p07__server-services-queue.py": "server/src/control_hub/services/queue.py",
  "p07__server-services-builder.py": "server/src/control_hub/services/builder.py",
  "p07__server-routes-deployments.py": "server/src/control_hub/routes/deployments.py",
  "p07__server-templates-deployments.html": "server/src/control_hub/templates/deployments.html",
  "p07__server-routes-sites-deploy.py": "server/src/control_hub/routes/sites_deploy.py",
  "p08__server-services-audit.py": "server/src/control_hub/services/audit.py",
  "p08__server-routes-export.py": "server/src/control_hub/routes/export.py",
  "p08__server-templates-leads.html": "server/src/control_hub/templates/leads.html",
  "p09__server-routes-settings.py": "server/src/control_hub/routes/settings.py",
  "p09__server-templates-settings.html": "server/src/control_hub/templates/settings.html",
  "p09__server-routes-version.py": "server/src/control_hub/routes/version.py",
  "p10__server-services-diagnostics.py": "server/src/control_hub/services/diagnostics_service.py",
  "p10__server-routes-diagnostics.py": "server/src/control_hub/routes/diagnostics.py",
  "p10__server-providers-domains-mock.py": "server/src/control_hub/providers/domains/mock.py",
  "p10__server-providers-dns-mock.py": "server/src/control_hub/providers/dns/mock.py",
  "p10__server-providers-hosting-mock.py": "server/src/control_hub/providers/hosting/mock.py",
  "p10__server-templates-dashboard.html": "server/src/control_hub/templates/dashboard.html",
  "p11__server-models-jarvis.py": "server/src/control_hub/models.py",
  "p11__server-services-jarvis.py": "server/src/control_hub/services/jarvis_service.py",
  "p11__server-routes-jarvis.py": "server/src/control_hub/routes/jarvis.py",
  "p11__server-static-jarvis.js": "server/src/control_hub/static/jarvis.js",
  "p11__server-templates-jarvis-styles.html": "server/src/control_hub/templates/jarvis_styles.html",
  "p11__server-base.html": "server/src/control_hub/templates/base.html",
  "p12__server-utils-query.py": "server/src/control_hub/utils/query.py",
  "p12__server-routes-leads-listing.py": "server/src/control_hub/routes/leads.py",
  "p12__server-routes-buyers-listing.py": "server/src/control_hub/routes/buyers.py",
  "p12__server-routes-sites-listing.py": "server/src/control_hub/routes/sites.py",
  "p12__server-templates-leads.html": "server/src/control_hub/templates/leads.html",
  "p12__server-templates-buyers.html": "server/src/control_hub/templates/buyers.html",
  "p12__server-templates-sites.html": "server/src/control_hub/templates/sites.html",
  "p13__server-models-webhooks.py": "server/src/control_hub/models.py",
  "p13__server-services-webhooks.py": "server/src/control_hub/services/webhooks.py",
  "p13__server-services-queue-webhook-worker.py": "server/src/control_hub/services/queue.py",
  "p13__server-routes-webhooks.py": "server/src/control_hub/routes/webhooks.py",
  "p13__server-templates-webhooks.html": "server/src/control_hub/templates/webhooks.html",
  "p13__server-templates-base-nav.html": "server/src/control_hub/templates/base.html",
  "p14__server-models-sales.py": "server/src/control_hub/models.py",
  "p14__server-models-buyer-rules.py": "server/src/control_hub/models.py",
  "p14__server-services-matching.py": "server/src/control_hub/services/matching.py",
  "p14__server-services-queue-sale-worker.py": "server/src/control_hub/services/queue.py",
  "p14__server-routes-matching.py": "server/src/control_hub/routes/matching.py",
  "p14__server-templates-sales.html": "server/src/control_hub/templates/sales.html",
  "p14__server-templates-buyers.html": "server/src/control_hub/templates/buyers.html",
  "p15__server-services-metrics.py": "server/src/control_hub/services/metrics.py",
  "p15__server-routes-metrics-ui.py": "server/src/control_hub/routes/metrics_ui.py",
  "p15__server-templates-metrics.html": "server/src/control_hub/templates/metrics.html",
  "p15__server-templates-dashboard.html": "server/src/control_hub/templates/dashboard.html",
  "p16__server-providers-email-mock.py": "server/src/control_hub/providers/email/mock.py",
  "p16__server-services-notify.py": "server/src/control_hub/services/notify.py",
  "p16__server-services-queue-email-worker.py": "server/src/control_hub/services/queue.py",
  "p16__server-services-audit.py": "server/src/control_hub/services/audit.py",
  "p16__server-config-notify.py": "server/src/control_hub/config_notify.py",
  "p16__server-routes-settings-notify.py": "server/src/control_hub/routes/settings_notify.py",
  "p17__server-middleware-errors.py": "server/src/control_hub/middleware/errors.py",
  "p17__server-templates-404.html": "server/src/control_hub/templates/404.html",
  "p17__server-templates-500.html": "server/src/control_hub/templates/500.html",
  "p17__server-middleware-ratelimit.py": "server/src/control_hub/middleware/ratelimit.py",
  "p17__server-app-wire.py": "server/src/control_hub/app.py",
  "p18__server-routes-import.py": "server/src/control_hub/routes/import_data.py",
  "p18__server-services-import.py": "server/src/control_hub/services/import_data.py",
  "p18__server-templates-import.html": "server/src/control_hub/templates/import.html",
  "p18__server-routes-export-harden.py": "server/src/control_hub/routes/export.py",
  "p19__server-models-metrics-snapshots.py": "server/src/control_hub/models.py",
  "p19__server-services-scheduler.py": "server/src/control_hub/services/scheduler.py",
  "p19__server-services-metrics-capture.py": "server/src/control_hub/services/metrics_capture.py",
  "p19__server-routes-metrics-snapshots.py": "server/src/control_hub/routes/metrics_snapshots.py",
  "p19__server-templates-metrics.html": "server/src/control_hub/templates/metrics.html",
  "p19__server-app-wire.py": "server/src/control_hub/app.py",
  "p20__server-models-api-tokens.py": "server/src/control_hub/models.py",
  "p20__server-middleware-auth.py": "server/src/control_hub/middleware/auth.py",
  "p20__server-routes-tokens.py": "server/src/control_hub/routes/tokens.py",
  "p20__server-templates-settings-tokens.html": "server/src/control_hub/templates/settings_tokens.html",
  "p20__server-routes-guard-updates.py": "server/src/control_hub/routes/__guards_applied__.py",
  "p21__server-models-audit.py": "server/src/control_hub/models.py",
  "p21__server-routes-audit.py": "server/src/control_hub/routes/audit.py",
  "p21__server-services-audit-retention.py": "server/src/control_hub/services/audit_retention.py",
  "p21__server-templates-audit.html": "server/src/control_hub/templates/audit.html",
  "p21__server-templates-base-nav.html": "server/src/control_hub/templates/base.html",
  "p22__server-services-deploy-pipeline.py": "server/src/control_hub/services/deploy_pipeline.py",
  "p22__server-routes-deployments-v2.py": "server/src/control_hub/routes/sites.py",
  "p22__server-services-queue-deploy-v2-worker.py": "server/src/control_hub/services/queue.py",
  "p22__server-models-deploy-steps.py": "server/src/control_hub/models.py",
  "p22__server-templates-deployments.html": "server/src/control_hub/templates/deployments.html"
}